<?xml version="1.0" encoding="UTF-8"?>
<project-private xmlns="http://www.netbeans.org/ns/project-private/1">
    <editor-bookmarks xmlns="http://www.netbeans.org/ns/editor-bookmarks/2" lastBookmarkId="0"/>
    <open-files xmlns="http://www.netbeans.org/ns/projectui-open-files/2">
        <group>
            <file>file:/C:/Users/taran/OneDrive%20-%20The%20Pennsylvania%20State%20University/IST%20412/Semester%20Project/BankingApplication/test/com/javabeans/AccountTest.java</file>
            <file>file:/C:/Users/taran/OneDrive%20-%20The%20Pennsylvania%20State%20University/IST%20412/Semester%20Project/BankingApplication/src/java/auth.java</file>
            <file>file:/C:/Users/taran/OneDrive%20-%20The%20Pennsylvania%20State%20University/IST%20412/Semester%20Project/BankingApplication/src/java/generateStatement.java</file>
            <file>file:/C:/Users/taran/OneDrive%20-%20The%20Pennsylvania%20State%20University/IST%20412/Semester%20Project/BankingApplication/web/WEB-INF/web.xml</file>
            <file>file:/C:/Users/taran/OneDrive%20-%20The%20Pennsylvania%20State%20University/IST%20412/Semester%20Project/BankingApplication/src/java/Transfers.java</file>
            <file>file:/C:/Users/taran/OneDrive%20-%20The%20Pennsylvania%20State%20University/IST%20412/Semester%20Project/BankingApplication/web/login.jsp</file>
            <file>file:/C:/Users/taran/OneDrive%20-%20The%20Pennsylvania%20State%20University/IST%20412/Semester%20Project/BankingApplication/src/java/AddAccount.java</file>
            <file>file:/C:/Users/taran/OneDrive%20-%20The%20Pennsylvania%20State%20University/IST%20412/Semester%20Project/BankingApplication/src/java/com/javabeans/Transaction.java</file>
            <file>file:/C:/Users/taran/OneDrive%20-%20The%20Pennsylvania%20State%20University/IST%20412/Semester%20Project/BankingApplication/web/Savings.jsp</file>
            <file>file:/C:/Users/taran/OneDrive%20-%20The%20Pennsylvania%20State%20University/IST%20412/Semester%20Project/BankingApplication/web/Checking.jsp</file>
            <file>file:/C:/Users/taran/OneDrive%20-%20The%20Pennsylvania%20State%20University/IST%20412/Semester%20Project/BankingApplication/web/Spending.jsp</file>
            <file>file:/C:/Users/taran/OneDrive%20-%20The%20Pennsylvania%20State%20University/IST%20412/Semester%20Project/BankingApplication/src/java/ListAllAccounts.java</file>
            <file>file:/C:/Users/taran/OneDrive%20-%20The%20Pennsylvania%20State%20University/IST%20412/Semester%20Project/BankingApplication/web/main.jsp</file>
            <file>file:/C:/Users/taran/OneDrive%20-%20The%20Pennsylvania%20State%20University/IST%20412/Semester%20Project/BankingApplication/web/index.html</file>
            <file>file:/C:/Users/taran/OneDrive%20-%20The%20Pennsylvania%20State%20University/IST%20412/Semester%20Project/BankingApplication/src/java/com/javabeans/Account.java</file>
            <file>file:/C:/Users/taran/OneDrive%20-%20The%20Pennsylvania%20State%20University/IST%20412/Semester%20Project/BankingApplication/src/java/com/javabeans/Client.java</file>
            <file>file:/C:/Users/taran/OneDrive%20-%20The%20Pennsylvania%20State%20University/IST%20412/Semester%20Project/BankingApplication/web/Transfers.jsp</file>
        </group>
    </open-files>
</project-private>
